{
  "code": 1,
  "msg": "success",
  "data": [
    {
      "createTime": "2019-01-18 12:52:08",
      "contents": [
        {
          "image": {
            "originalUrl": "http://h5res.appskyx.com/allgame/ICON/shuishangjiuyuan/iconbannersm.jpg",
            "originalFormat": "png",
            "originalSize": 1869
          },
          "createTime": "2019-01-18 12:52:08",
          "orderNum": 1,
          "id": 55,
          "isNew": false,
          "type": 2,
          "content": "6",
          "via": null
        },
        {
          "image": {
            "originalUrl": "http://h5res.appskyx.com/allgame/ICON/shuishangjiuyuan/iconbannersm.jpg",
            "originalFormat": "png",
            "originalSize": 1869
          },
          "createTime": "2019-01-18 12:52:08",
          "orderNum": 1,
          "id": 55,
          "isNew": false,
          "type": 2,
          "content": "6",
          "via": null
        }
      ],
      "orderNum": 1,
      "attributes": {
        "indicator": "1",
        "statistic": "1",
        "color": "#ffffff",
        "occupy": "1",
        "action": "game",
        "source": "1",
        "speed": "100",
        "height": "0"
      },
      "id": 29,
      "subassemblyId": 1
    },
    {
      "createTime": "2019-03-01 16:45:45",
      "contents": [],
      "orderNum": 4,
      "attributes": {
        "indicator": "1",
        "statistic": "1",
        "color": "#ffffff",
        "occupy": "1",
        "action": "game",
        "speed": "100",
        "height": "0"
      },
      "id": 32,
      "subassemblyId": 1
    }
  ]
}