[{"id":"1","title":"Apple \u82f9\u679c iPhone 6s Plus (A1699) 16G \u73ab\u7470\u91d1\u8272 \u79fb\u52a8\u8054\u901a\u7535\u4fe14G \u5168\u7f51\u901a\u624b\u673a","pic":"http:\/\/d8.yihaodianimg.com\/N05\/M03\/D4\/1E\/CgQI0lYEBwWAQIvJAAFyostaOYY12501_80x80.jpg","link":"#1","date":"2015-12-01"},{"id":"2","title":"Letv \u4e50\u89c61S \u4e501S \u79fb\u52a8\u8054\u901a\u53cc4G \u53cc\u5361\u53cc\u5f85 16GB \u91d1","pic":"http:\/\/d9.yihaodianimg.com\/N07\/M00\/6B\/E6\/CgQIz1ZNQWeALuYuAASH8T5MJzY38001_80x80.jpg","link":"#2","date":"2015-12-02"},{"id":"3","title":"NOKIA\/\u8bfa\u57fa\u4e9a 2610 nokia 2610 \u7ecf\u5178\u8bfa\u57fa\u4e9a\u76f4\u677f\u624b\u673a \u5b66\u751f\u5907\u7528\u8001\u4eba\u624b\u673a \u8bfa\u57fa\u4e9a\u4f4e\u7aef\u529f\u80fd\u673a","pic":"http:\/\/d8.yihaodianimg.com\/N08\/M0A\/6B\/E1\/ChEi1lZhlgSAEES9AAIPUw3996808600_80x80.jpg","link":"#3","date":"2015-12-03"},{"id":"4","title":"\u534e\u4e3a Mate8 NXT-TL00 3GB+32GB\u7248 \u79fb\u52a8\u5b9a\u5236 \u6708\u5149\u94f6","pic":"http:\/\/d6.yihaodianimg.com\/N09\/M00\/78\/AA\/ChEi2VZpRZCAeyz-AAP2yE5HMTQ17001_80x80.jpg","link":"#4","date":"2015-12-04"},{"id":"5","title":"\u9524\u5b50 \u575a\u679c 32GB \u7ea2\u8272 \u79fb\u52a8\u8054\u901a4G\u624b\u673a \u53cc\u5361\u53cc\u5f85","pic":"http:\/\/d6.yihaodianimg.com\/N07\/M01\/98\/48\/CgQI0FY3GNuAeKARAARTi1sTc0E99401_80x80.jpg","link":"#5","date":"2015-12-05"},{"id":"6","title":"\u534e\u4e3a\u8363\u80007i ATH-AL00 3G\u5185\u5b58\u589e\u5f3a\u7248 \u79fb\u52a8\u8054\u901a\u7535\u4fe14G \u6c99\u6ee9\u91d1 \u53cc\u5361\u53cc\u5f85","pic":"http:\/\/d9.yihaodianimg.com\/N05\/M0A\/B6\/5A\/CgQI0lX45JWANx7NAANWUytnWfY51201_80x80.jpg","link":"#6","date":"2015-12-06"},{"id":"7","title":"\u5c0f\u7c73 \u7ea2\u7c732A \u589e\u5f3a\u7248 \u767d\u8272 16G \u79fb\u52a84G\u624b\u673a \u5b98\u7f51\u7248 \u53cc\u5361\u53cc\u5f85","pic":"http:\/\/d6.yihaodianimg.com\/N08\/M08\/94\/33\/ChEi1FX_oHWAWJYUAAL4rKvikTE54401_80x80.jpg","link":"#7","date":"2015-12-07"},{"id":"8","title":"Samsung \u4e09\u661f Galaxy Note4 N9108V \u79fb\u52a84G\u624b\u673a \u5e7b\u5f71\u767d","pic":"http:\/\/d8.yihaodianimg.com\/N06\/M06\/8A\/B9\/CgQIzVQj87GAZ2-bAAMyoIZt8v863301_80x80.jpg","link":"#8","date":"2015-12-08"},{"id":"9","title":"HTC Desire 826T \u9b54\u5e7b\u84dd \u79fb\u52a84G\u624b\u673a \u53cc\u5361\u53cc\u5f85","pic":"http:\/\/d8.yihaodianimg.com\/N06\/M04\/DC\/24\/ChEbu1T4HVeASjwEAAGHikpYgyQ10901_80x80.jpg","link":"#9","date":"2015-12-09"},{"id":"10","title":"\u534e\u4e3a \u8363\u8000\u7545\u73a94X Che2-UL00 \u8054\u901a\u6807\u914d\u72484G\u624b\u673a \u53cc\u5361\u53cc\u5f85\u53cc\u901a \u767d\u8272","pic":"http:\/\/d8.yihaodianimg.com\/N05\/M05\/BE\/72\/ChEbulTYbhyAY_DmAAGmsWjdGgY32601_80x80.jpg","link":"#10","date":"2015-12-10"}]