{
	"code": 1,
	"msg": "success",
	"data": [{
		"firstGenre": {
			"name": "Pixel Games",
			"action": "page",
			"actionPage": "/genre/Pixel Games",
			"id": 7
		},
		"players": 10000,
		"bannerUrl": "http://static.gameplay.net/allgame/zh/ICON/zhengfuyinhe/iconbanner.jpg",
		"openType": 0,
		"h5Url": "http://static.gameplay.net/allgame/zhengfuyinhe/",
		"gameDetails": [{
			"name": "zhengfuyinhe",
			"description": "zhengfuyinhe",
			"recommend": "zhengfuyinhe",
			"id": 51,
			"languageCode": "en"
		}],
		"genres": [{
			"name": "Adventure",
			"action": "page",
			"actionPage": "/genre/Adventure",
			"id": 2
		}, {
			"name": "Action",
			"action": "page",
			"actionPage": "/genre/Action",
			"id": 1
		}],
		"appId": "10029",
		"name": "zhengfuyinhe",
		"supportLang": "en",
		"gameExt": {
			"isSupportSns": true,
			"googlePlay": null,
			"isRotate": true,
			"downloadSite": "",
			"rating": 1.0,
			"isFull": true
		},
		"developer": {
			"website": "www.higamers.net",
			"name": "HiGamer",
			"id": 16
		},
		"iconUrl": "http://static.gameplay.net/allgame/zh/ICON/zhengfuyinhe/icon160.jpg",
		"id": 24,
		"isHighQuality": false,
		"dirName": "zhengfuyinhe"
	},{
		"firstGenre": {
			"name": "Pixel Games",
			"action": "page",
			"actionPage": "/genre/Pixel Games",
			"id": 7
		},
		"players": 10000,
		"bannerUrl": "http://static.gameplay.net/allgame/zh/ICON/zhengfuyinhe/iconbanner.jpg",
		"openType": 0,
		"h5Url": "http://static.gameplay.net/allgame/zhengfuyinhe/",
		"gameDetails": [{
			"name": "zhengfuyinhe",
			"description": "zhengfuyinhe",
			"recommend": "zhengfuyinhe",
			"id": 51,
			"languageCode": "en"
		}],
		"genres": [{
			"name": "Adventure",
			"action": "page",
			"actionPage": "/genre/Adventure",
			"id": 2
		}, {
			"name": "Action",
			"action": "page",
			"actionPage": "/genre/Action",
			"id": 1
		}],
		"appId": "10029",
		"name": "zhengfuyinhe",
		"supportLang": "en",
		"gameExt": {
			"isSupportSns": true,
			"googlePlay": null,
			"isRotate": true,
			"downloadSite": "",
			"rating": 1.0,
			"isFull": true
		},
		"developer": {
			"website": "www.higamers.net",
			"name": "HiGamer",
			"id": 16
		},
		"iconUrl": "http://static.gameplay.net/allgame/zh/ICON/zhengfuyinhe/icon160.jpg",
		"id": 24,
		"isHighQuality": false,
		"dirName": "zhengfuyinhe"
	}]
}
